﻿Name,Contacted,Responded,Documented,Second Contact,Third Contact,Contact Method,Subject,Description,Country,email,Whatsapp,Comments
Hernan Aguilar,Yes,No,No,No,No,,,,,,,
Mishaël jean Daniel LEGENE,Yes,No,No,No,No,Email,,,,,,
Maria Fernanda Alcocer Escobar,Yes,No,No,No,No,,,,,,,
Cristhie Zharick Nevarez Moran,Yes,No,No,No,No,,,,,,,
Jean Alix Imera,Yes,No,No,No,No,,,,,,,
Gil Antonio Vargas Ruth,Yes,No,No,No,No,,,,,,,
Fifita Fainu,Yes,No,No,No,No,Email,,,,,,
Cristian Eduardo Florez Agudelo,Yes,No,No,No,No,,,,,,,
letty sara añapa dela cruz,Yes,No,No,No,No,,,,,,,
Maela Alexandra Espinoza Arce,Yes,No,No,No,No,,,,,,,
Pedro Antonio Salinas Perez,Yes,No,No,No,No,,,,,,,
Nello Bathrony,Yes,No,No,No,No,,,,,,,
Sheila Kuyani Quinchiguango de la Torre,Yes,Yes,No,No,No,,,,,,,
Victor Obineli,Yes,No,No,No,No,,,,,,,
Shirley Nduka Wonu,Yes,Yes,No,No,No,,,,,,,
Moses Dodzi Vormawor,Yes,No,No,No,No,,,,,,,
Nefi Josue Acaro Gutíerrez,Yes,No,No,No,No,,,,,,,